,Company,EV,TTTMRev,TTMRev,NTMRev,EV/TTM,EV/NTM,TTMRevGr,NTMRevGr,GP,GP%,EBITDA,EBITDA%,Cash,NI,NI%
0,PRSM LN Equity,1375.1851,9.644,50.94483046,68.814,3.29560032766097,19.98408899,1.4545466473746174,-1.0476664353812286,50.92743537,-0.0003415083073242837,-15.660510999999998,-0.307401376,16.331,-16.3777046,-0.321479225
1,OKTA US EQUITY,5590.6316,85.90700000000001,324.195,424.094,2.8475023604270904,13.18252934,1.0202147105266022,-1.17718551231236,228.25000209999996,-0.35090365846253896,-116.569,-0.35956446,127.949,-123.625,-0.38132913799999996
2,LOGM US Equity,4064.2968,336.06800000000004,1130.17,1221.889,1.279872675119925,3.3262406,0.8598983958628169,-2.5113937934865858,883.3670030999999,-0.2463825970636609,389.655,0.344775565,252.40200000000002,85.24747226,0.075428893
3,AVV LN Equity,5116.1342,201.49099999999999,662.1627529,964.041,2.044643017758594,5.3069674419999995,0.8269410410492642,-0.7854875956839491,462.07363939999993,-0.35978710454778184,163.3098104,0.246630922,105.649,77.68393733,0.117318495
4,MDB US Equity,3220.281,65.271,192.24099999999999,271.538,2.8184741085287004,11.85941194,0.6654030046576856,-0.8855494954883361,138.52599880000002,-0.32769176780968207,-107.693,-0.560197877,61.902,-111.0,-0.5774002420000001
6,COUP US Equity,3256.0627,83.678,219.095,265.793,2.6987685582806917,12.2503704,0.48138280700387037,-1.5458040863472131,150.8690017,-0.37309350385540174,-34.963,-0.15957917800000002,412.903,-49.333,-0.225167165
7,CLDR US Equity,1642.0149,166.048,411.064,487.033,1.3849304441578825,3.3714653830000003,0.38904661121784634,-1.6884235564962857,279.62800469999996,-0.385288755067916,-176.49400000000003,-0.429358932,43.247,-184.54895,-0.448954299
8,DOCU US EQUITY,6010.1651,250.481,602.315,762.5,2.300426933742791,7.882183737999999,0.33977640398589354,-1.3244511653604738,444.96900310000007,-0.302775940575694,-19.93,-0.033088998,256.867,-328.25800000000004,-0.544993899
9,ZS US Equity,3799.4987,80.325,190.174,258.79,2.994684973326511,14.681783300000001,0.31302579010041254,-1.0194136999319712,152.2989995,-0.22209375254581407,-13.46,-0.070777288,135.579,-29.383000000000003,-0.15450587400000002
10,NTNX US Equity,6236.2366,503.41,1155.4569999999999,1366.1670000000001,1.6858809548023996,4.564768875,0.25871169811507505,-1.7017684328358755,769.4270002000001,-0.4066051331898879,-222.0058608,-0.192136843,305.975,-290.7982245,-0.251673775
11,YEXT US Equity,1797.1029,89.72399999999999,198.543,249.187,2.202925445905768,7.211864584,0.19294766008656758,-1.3661849377531836,147.7909982,-0.2952066001725925,-68.009,-0.34254040700000005,34.367,-73.292,-0.36914925200000004
12,SHOP US EQUITY,11763.5179,389.33,853.573,1210.891,2.6233272494868998,9.714762022,0.17598080917488151,-0.8708049282385387,481.9689999,-0.571551272039593,-41.38,-0.048478572000000004,141.67700000000002,-52.222,-0.061180473
13,SPLK US Equity,12778.3399,668.435,1448.318,1866.881,2.177348659134327,6.844753308,0.15420474893692634,-1.241330746581371,1148.229988,-0.23218126746438572,-257.308,-0.177659879,545.947,-319.97311,-0.220927386
14,GBG LN Equity,988.6848,73.40100000000001,158.81090659999998,172.514,1.8286613474026716,5.7310409589999995,0.1515245362430911,-2.450092624143342,122.8674396,-0.25660818035104205,34.72554066,0.218659672,22.753,16.47865812,0.103762761
16,NEWR US Equity,4436.8192,181.30900000000003,383.181,489.975,2.449185540272249,9.055195061000001,0.1074310749696391,-1.2776057170305763,318.382998,-0.1852524079453156,-2.259,-0.005895386,132.47899999999998,-33.4052,-0.087178644
17,WDAY US Equity,25456.8783,1156.69,2428.232,3119.8459999999995,2.3498225532948642,8.159658618,0.09466785901503283,-1.2558907042652432,1715.524027,-0.3474448313621062,-107.837,-0.044409677,1134.355,-334.86065360000003,-0.13790307300000001
18,TEAM US Equity,15390.5118,457.05800000000005,947.424,1254.649,2.7877597591337206,12.26678681,0.07034175320349323,-1.126166345964321,769.6390129,-0.2078251321857871,43.518,0.045932972,1410.339,-301.38799,-0.318113105
19,EVH US Equity,1670.4738,254.188,505.653,700.992,1.1950119145075047,2.383014071,-0.010770335395015068,-0.9511141523058116,233.045,-0.7746190945624642,12.508,0.024736331,238.433,-25.14581932,-0.049729398
20,MIME US Equity,1905.4384,141.841,282.143,349.18300000000005,1.9100533576362084,5.4568475560000005,-0.010909469449567485,-1.4371245795857532,206.719996,-0.3110488331723205,17.619,0.062447057,78.339,-11.20007683,-0.039696455
21,XELAU US Equity,2001.8032,789.926,1528.231,1645.0,0.2699375171667694,1.216901641,-0.06758225152213629,-2.5716685175440115,375.46800089999994,-1.4036928854687902,275.851,0.18050347100000003,39.0,-52.60764,-0.03442388
22,AYX US Equity,2363.1176,85.79,162.36,224.28799999999998,2.6779209515465303,10.53608575,-0.11369709412119743,-0.9638436722207198,140.40400269999998,-0.14529209190330528,-13.546,-0.08343188,119.71600000000001,-19.66659,-0.12112952699999999
23,SSTI US Equity,388.2289,15.507,29.199,39.659,2.587460652369677,9.789175219,-0.12447981460934034,-1.026576004264026,15.93399978,-0.605679285790416,0.914,0.031302442,19.567,-4.58801,-0.15712901099999999
24,VEEV US EQUITY,11492.5267,409.221,766.2239999999999,912.071,2.707977695807098,12.60047376,-0.13651116717496511,-1.658916428213151,534.7110057,-0.3597481299124533,188.203,0.245623995,320.183,162.8560096,0.212543603
25,BOX US Equity,2584.7898,302.704,554.7080000000001,668.683,1.5389576192122754,3.865493515,-0.18331047040787768,-1.5824627215429574,403.2880052,-0.31879088882480694,-104.10600000000001,-0.18767712,208.076,-150.311,-0.270973197
26,ZUO US Equity,2202.7654,92.184,167.926,255.9,2.573945444135764,8.60791481,-0.19645375150378383,-0.6464820899034879,88.02,-0.6459593451481455,-39.728,-0.236580399,48.208,-47.155,-0.28080821300000003
28,PVTL US Equity,4485.9958,280.874,509.436,735.4,2.1754115473875273,6.100075877,-0.2060986618093049,-0.8129285362785523,281.04200000000003,-0.5948001076960541,-146.059,-0.286707261,73.012,-163.515,-0.320972605
29,TRHC US Equity,1498.6234,94.06200000000001,169.743,217.958,2.1780167039188822,6.8757439510000005,-0.21742700071925522,-1.258615353843551,52.63700036,-1.1708662284486846,17.134,0.10094083400000001,10.43,8.891516771000001,0.052382229
30,TWLO US EQUITY,6079.7704,277.335,492.648,667.7610000000001,2.5129272882703866,9.104710218,-0.25313337799594354,-1.034363442294722,261.84999550000003,-0.6320231201895933,-68.85692308,-0.13976901,115.286,-90.09293000000001,-0.182874852
31,CRM US Equity,103894.1999,6667.215999999999,11817.844,14404.651000000002,2.1737624800734543,7.2125454410000005,-0.25808373312775956,-1.5191862965264809,8749.543945,-0.30060901449975164,1308.0919999999999,0.11068787199999999,2543.0,482.4788756,0.040826303
32,WIX US Equity,4154.2817,290.103,513.4830000000001,674.783,2.0906778936443486,6.1564705989999995,-0.2613616758274881,-1.1579509382014557,418.4450085,-0.20467144234353435,-27.756999999999998,-0.054056317,85.23,-41.12951856,-0.080099085
33,TWOU US Equity,3162.8122,205.864,346.639,473.833,2.2109329549293633,6.674951301,-0.3800528852311006,-1.00257041389058,287.72500279999997,-0.1862787204486259,-26.743000000000002,-0.077149426,223.37,-47.448,-0.136880155
34,HDP US Equity,1375.7365,184.46099999999998,309.411,376.046,1.4920740128779084,3.658426097,-0.3895244019684384,-1.535440527109162,220.46099980000002,-0.33894968295863875,-163.124,-0.5272081470000001,62.739,-176.84799999999998,-0.57156339
35,INST US Equity,1011.2339,110.88,184.83700000000002,231.28900000000002,1.6994521916796212,4.372165991,-0.4049646918372744,-1.3810548354391314,130.4860018,-0.34820840076584697,-40.238,-0.21769450899999998,35.693000000000005,-49.07899999999999,-0.265525842
36,TLND US Equity,1708.3059,105.984,176.485,232.175,2.2700215697933634,7.357837407000001,-0.40766124485209826,-1.1534352883002483,135.336998,-0.2654679368797427,-30.724,-0.17408844899999998,87.024,-34.695,-0.196588945
37,GLUU US Equity,751.9175,200.581,332.996,392.42,0.8144961325504911,1.916103919,-0.41527722536827116,-1.723432292866945,180.1019986,-0.6146071293092901,-42.641999999999996,-0.128055592,63.763999999999996,-26.043470000000003,-0.078209558
38,BL US Equity,2165.1193,123.12299999999999,202.842,246.78799999999998,2.3678033924050035,8.773195212000001,-0.4346759039459623,-1.5294657426329166,157.49099990000002,-0.2530590380851185,-13.472000000000001,-0.066416225,31.104,-33.92033273,-0.167225391
39,PCTY US Equity,3202.2396,230.701,377.527,452.61400000000003,2.137963629661464,7.074990167999999,-0.45187428817126035,-1.6149946475300778,228.32999909999998,-0.5028501426356061,46.512,0.12320178400000001,137.19299999999998,3.8283300000000002,0.010140546
40,PFPT US Equity,5177.2319,375.496,614.0459999999999,792.194,2.1319559662218834,6.535308144,-0.4536688873348562,-1.237455178351604,439.7080034,-0.333958966532003,-23.048000000000002,-0.037534647000000004,286.072,-78.53818842,-0.127902777
41,HUBS US Equity,4738.1673,270.967,441.399,558.067,2.373456465792091,8.4903198,-0.4636606525233228,-1.3306169325084987,354.1050049,-0.2203557346387515,-24.50381013,-0.055513968,87.68,-55.8441,-0.126516145
42,NOW US Equity,30069.1009,1390.513,2264.8179999999998,2957.73,2.586003693501888,10.16627647,-0.463998737947842,-1.18434667299641,1706.5400170000003,-0.2830264639680295,59.361999999999995,0.026210495,726.495,-89.49837402,-0.039516806
43,ZEN US Equity,5616.1095,311.999,507.885,667.9689999999999,2.40313939920868,8.40773973,-0.4654671251581771,-1.154556366465548,356.01800519999995,-0.35527373751570107,-86.04513924,-0.169418548,109.37,-115.405,-0.227226636
44,UPLD US Equity,789.9794,74.767,121.48,163.429,1.8722572290419672,4.833777359,-0.47035411305801206,-1.0632950466550442,81.36999881,-0.4007430003290044,25.583000000000002,0.210594337,22.326,-2.040370877,-0.016795941
45,SEND US Equity,1346.6967,79.929,128.289,156.166,2.3511244523812542,8.623494871,-0.5024657153802625,-1.5264835569548112,95.23400032,-0.2979485070738148,4.502,0.035092642,175.49599999999998,-4.702,-0.036651623
46,EVBG US Equity,1455.3159,76.846,122.82799999999999,163.084,2.472193266961702,8.923719678,-0.5135534041116319,-1.1155259414726473,85.02600006,-0.3678279105541884,-24.665,-0.200809262,102.75399999999999,-39.18864,-0.319052985
47,MITK US Equity,305.1516,34.701,55.426,77.417,1.7057599045473009,3.941661392,-0.5154278042381337,-0.9244155187471691,48.27600027,-0.13811424931722405,6.451384615,0.116396359,9.086,2.975,0.05367517
49,APPF US Equity,2014.3187,105.586,165.38,205.85,2.4997904469992216,9.785371387,-0.5686204653772547,-1.4076848960743957,102.4489997,-0.4788807449044056,31.149,0.188348047,16.109,18.07134,0.10927161699999999
50,GWRE US Equity,6390.3564,424.44599999999997,661.067,749.7,2.2686901241587663,8.523884754,-0.5843250846899742,-2.0093509443810507,364.3600002,-0.5957128057289192,28.281,0.042780838,437.14,35.34196,0.053461994000000006
51,APPN US Equity,1409.3098,132.923,206.78900000000002,220.108,1.9191564102493406,6.402810439,-0.587517371764771,-2.742507369173063,128.89599990000002,-0.47269307295948637,-30.616,-0.148054297,73.758,-33.673,-0.162837482
52,FSCT US Equity,949.0302,166.84099999999998,257.603,302.613,1.3040209810748087,3.136118409,-0.6088005670675984,-1.744534952902969,194.4249987,-0.28137316221033165,-82.965,-0.322065349,63.00899999999999,-92.11200000000001,-0.357573475
53,RHT US Equity,19172.8344,2052.23,3156.587,3599.1820000000002,1.804003021607925,5.326997746,-0.6196637422440308,-1.9645915284649087,2690.573958,-0.1597368419183499,602.686,0.190929634,1724.132,417.0218655,0.132111634
54,RNG US Equity,5688.8769,379.724,581.474,724.625,2.2807018672532555,7.850787511,-0.6324153663711711,-1.4016662414087133,443.33000300000003,-0.27125183901425076,1.981681597,0.0034080309999999997,181.192,-22.127,-0.038053292
55,MB US Equity,1454.999,139.02100000000002,211.739,279.257,1.9274061082448968,5.210250773,-0.6480360538522121,-1.1429601542727839,149.787998,-0.3461334370866002,-11.43591139,-0.054009470999999996,232.019,-22.763379999999998,-0.107506789
56,PAYC US Equity,7407.266,329.14099999999996,498.028,621.76,2.6995603890853075,11.91338459,-0.6672563787679663,-1.392538362385998,416.48600439999996,-0.17880344182417518,148.13299999999998,0.29743909999999996,46.077,104.5627997,0.209953657
57,TENB US Equity,2961.8824,124.37100000000001,187.727,294.177,2.7585915111203736,10.06836836,-0.6744994198655629,-0.5673133878358955,162.139,-0.14653478749822887,-36.068000000000005,-0.19213006100000002,27.21,-41.022,-0.218519446
58,BR US Equity,14343.2274,2897.0,4329.9,4491.571,1.197733425421323,3.193365395,-0.7039753562261498,-3.28773631226117,1160.2999849999999,-1.3168658666637376,810.1,0.18709439,263.9,445.40826849999996,0.10286802699999999
59,EGHT US Equity,1478.7066,209.33599999999998,310.627,366.353,1.5603302303812,4.036289044,-0.7259430540679082,-1.7181460083248692,234.641001,-0.2805361441895755,-13.42,-0.043202940999999995,31.703000000000003,42.35631249,0.13635747199999998
60,VRNS US Equity,1637.1988,164.456,242.528,285.279,1.909624844012998,5.738939074,-0.7450115790490341,-1.7357245829755852,218.32299799999998,-0.10514155851957901,-20.38,-0.084031535,56.68899999999999,-25.52228,-0.105234365
61,SDL LN Equity,503.5813,264.7,390.2106469,423.655,0.2550584549909137,1.188658932,-0.7462065176938979,-2.456803753465269,208.1033695,-0.6286517878523915,41.08189413,0.105281326,22.7,28.18756716,0.072236797
63,ADBE US Equity,117401.54,5854.43,8571.978000000001,10315.565,2.617101513614018,11.38100918,-0.7674686373460435,-1.5925540258144808,7465.368058,-0.13822377665881555,3089.81,0.36045472799999995,2306.072,2415.50686,0.281791071
64,GLOB US Equity,1683.934,322.856,472.712,564.257,1.2704016780581675,2.984338697,-0.7675315709136581,-1.6416556704173881,176.8739985,-0.983048716867119,71.51957143,0.151296289,52.525,48.06289,0.101674783
65,UBI FP Equity,11136.6034,1393.997,2027.4701489999998,2646.6009999999997,1.703448503047184,4.207889062,-0.788712825192631,-1.1862274224276377,1679.9929309999998,-0.18799919773684087,942.2682308,0.46475073,746.939,205.6917448,0.10145241599999999
67,SCWX US Equity,1118.7239,339.522,493.41900000000004,540.7669999999999,0.8185852279301518,2.068772503,-0.7912551992678855,-2.3438341265991793,254.2019963,-0.6632294990339552,-32.902,-0.066681664,101.539,-51.78112734,-0.104943521
68,EBIX US Equity,2277.113,298.29400000000004,430.337,547.3330000000001,1.6660950687988423,4.1603795130000005,-0.8149519493042578,-1.30242887726719,273.81199510000005,-0.45212690079294815,145.13299999999998,0.33725429100000004,63.895,106.145,0.246655528
69,ALRM US Equity,2086.6888,261.106,375.999,410.81199999999995,1.7137472985487785,5.079425139,-0.8209251945111792,-2.3795956057538747,251.41600040000003,-0.4024775443244355,78.801,0.209577685,96.329,54.19519196,0.14413653199999998
70,QTWO US Equity,2059.2656,150.224,215.201,265.752,2.258532218234163,7.748824468,-0.8380941534028034,-1.4485897466350093,106.5359994,-0.7030895242650108,-7.596,-0.035297234,57.961000000000006,-24.3462,-0.11313237400000001
71,RPD US Equity,1443.3649,157.437,221.208,260.597,1.875628967389801,5.538685787,-0.903726836684356,-1.7256168478474831,155.653999,-0.3514678472850636,-47.29539241,-0.21380507199999998,51.562,-53.869,-0.243521934
72,CBLK US Equity,1444.5421,116.23899999999999,162.014,226.63,2.1878649132395362,6.374010942999999,-0.9319103250692127,-0.9192206925197924,126.376,-0.24842116138849774,-48.108999999999995,-0.296943474,36.073,-55.827,-0.344581332
73,FIVN US Equity,2066.1927,162.09,225.50900000000001,266.108,2.215102847927077,7.76448923,-0.9383882357364046,-1.7146166335064525,133.1329997,-0.5270114436028261,10.642999999999999,0.047195456,68.947,-2.356,-0.010447477
74,WNS US Equity,2436.4575,562.179,777.6,824.0,1.1420881658843576,2.956865898,-0.9592260516439772,-2.8189127921209165,266.3000015,-1.0715887538133875,119.859,0.15413966,99.829,92.1,0.11844135800000001
75,RP US Equity,5264.8521,568.128,774.291,940.429,1.916860561139288,5.598351497,-1.0136796277123894,-1.5391290033046985,470.1429993,-0.49891086887230984,151.961,0.196258254,69.343,39.37560876,0.05085376
76,CYBR US Equity,2121.9027,216.613,294.682,349.25300000000004,1.974171656359401,6.075546094,-1.02051929953802,-1.6863942025815146,249.1049985,-0.1680223207069828,33.943000000000005,0.11518518300000001,161.261,27.05574203,0.091813351
77,WEX US Equity,9911.8019,1018.46,1381.0120000000002,1551.74,1.970909594567649,6.387540373999999,-1.0328790496152855,-2.09050019986089,1037.1379880000002,-0.2863515792838223,541.748,0.39228334,508.07199999999995,160.820745,0.11645137400000001
78,MGIC US Equity,374.9058,201.646,271.697,301.0,0.32198731990635526,1.245534219,-1.0572901379668127,-2.226997578046618,87.58700073,-1.1320548811988953,41.934,0.154341049,76.07600000000001,18.1941428,0.066964828
79,CRW LN Equity,877.1806,49.846000000000004,67.067,79.0,2.571020780553153,11.1035519,-1.0628086831442725,-1.7263844486786912,63.66000008,-0.05213569647699879,20.859,0.311017341,52.833,15.8051,0.235661354
81,ATTU US Equity,304.525,54.494,72.801,86.84,1.4310234942634286,3.5067365269999997,-1.09080710253812,-1.6458905187326731,62.06499983,-0.15954747100952144,3.614,0.049642175,29.087,-1.587,-0.021799151
82,ULTI US Equity,8730.4278,781.291,1035.461,1245.01,2.1319676339284914,7.012335482999999,-1.1229443457414345,-1.59764441492007,648.369007,-0.4681420271027552,114.412,0.11049378,155.685,46.96070882,0.045352465
83,JCOM US Equity,4272.2192,874.255,1158.508,1252.333,1.3050004407352638,3.411408308,-1.1235074075364935,-2.513456901108047,974.2689978,-0.17320080519404674,412.8506923,0.35636412700000003,350.945,150.784,0.130153611
84,APTI US Equity,1016.1319,160.569,212.47799999999998,249.063,1.5649199888746765,4.079818761,-1.1292315708197542,-1.7592001323197406,147.2339993,-0.36681529971692145,-14.33907595,-0.067484991,55.068999999999996,-23.346970000000002,-0.10987947
85,MDSO US EQUITY,4083.6497,463.381,609.726,719.867,1.9017367258678557,5.672783583999999,-1.1525827624519078,-1.7112483149850553,460.9910041,-0.27963114696770336,82.14399999999999,0.13472281,237.325,48.94226463,0.080269276
86,CSU CN Equity,14085.4127,2125.0860000000002,2794.515,3253.5359999999996,1.6174811342271123,4.3292629,-1.1551424409645024,-1.8063178845528916,2459.35801,-0.12775822319722654,707.2239999999999,0.253075757,488.964,288.485895,0.103232903
87,ENV US Equity,2777.4384,578.164,757.6030000000001,863.7,1.2991248414445473,3.215744356,-1.170022248962066,-1.965805732111746,512.9659974,-0.3899499412017144,106.039,0.139966447,60.115,32.88226806,0.043403033
88,DBX US Equity,9553.6566,844.8,1106.8,1480.6470000000002,2.155451002313295,6.452352653999999,-1.1707554084092209,-1.0853816241951713,737.9,-0.40541993312856917,68.1,0.061528730999999996,430.0,-50.0,-0.04517528
89,IMPV US Equity,1544.9141,264.455,344.017,369.769,1.5020325143174273,4.1780519730000005,-1.201134512755659,-2.5921787780802257,274.43599689999996,-0.225973002939794,7.0558987339999995,0.02051032,192.53799999999998,-22.8319,-0.066368522
90,MDRX US Equity,4269.3924,1549.899,2006.245,2239.0820000000003,0.7552067065264914,1.9067601809999999,-1.222693752847591,-2.1536814548450827,861.3570125,-0.8455110267257216,376.788,0.187807571,155.839,-22.32165162,-0.011126085
91,QLYS US Equity,2532.3747,197.925,255.43599999999998,303.845,2.2939408691116956,8.334429397000001,-1.235911937976475,-1.663286141573792,196.1540005,-0.26407182101272164,67.12899999999999,0.26280164100000003,86.59100000000001,42.55703867,0.166605485
92,ELLI US Equity,2538.9833,360.285,462.851,534.75,1.7021138163055674,4.747981861,-1.2563888902115257,-1.8621428334306505,273.9890034,-0.524317215705867,85.868,0.185519746,137.69799999999998,19.33749,0.041779082
93,GPN US Equity,21757.589,2898.15,3721.301,4117.898,1.7658892779389639,5.283663898,-1.258688221185145,-2.238907967751415,2202.018987,-0.5246986777805324,1229.555,0.330409983,1335.855,446.2590723999999,0.11992017599999999
94,CARB US EQUITY,1234.2757,206.986,265.089,329.13800000000003,1.538173980683785,3.750024914,-1.2704338621311433,-1.4204172034854474,189.5950009,-0.3351753958827848,35.431,0.133656998,128.231,-1.889951175,-0.007129496999999999
95,FTNT US Equity,12362.8016,1275.443,1631.185,1909.7079999999999,2.0253853484737507,6.473660685,-1.2768430975920544,-1.7675613808458455,1221.816974,-0.2889676704789072,213.778,0.13105687,811.0039999999999,136.692,0.08379920099999999
96,AVLR US Equity,2527.3156,167.426,213.15900000000002,282.81,2.472874624411493,8.936443549,-1.2977213231577645,-1.1185413099716754,155.18200000000002,-0.3174397446266398,-43.303000000000004,-0.203148823,14.075,-55.23355,-0.259119014
97,EEFT US Equity,5499.3319,1958.615,2491.839,2815.54,0.7916056198451581,1.953206809,-1.3010512702937895,-2.040956021791829,1021.3030060000001,-0.8919417222109477,464.616,0.18645506399999998,819.1439999999999,221.30842859999998,0.088813294
98,INTU US Equity,52287.7195,4694.0,5964.0,6610.5380000000005,2.1710201377778167,7.909752504,-1.3072681982606942,-2.221864701154151,4992.0,-0.17790476559257704,1823.0,0.305667337,1464.0,1268.956279,0.21276932899999998
99,III US Equity,275.4123,216.49900000000002,274.86400000000003,293.875,0.0019928180184943323,0.9371749890000001,-1.3108695326878328,-2.6712586764242294,116.0360001,-0.8623759401154039,25.125999999999998,0.09141248,28.42,2.5753330869999997,0.009369480999999999
100,PS US Equity,3692.9135,131.841,166.824,257.7,3.097231627210632,14.33028133,-1.3267344225834896,-0.6074434241335622,116.99600000000001,-0.3547996177483287,-66.083,-0.396124059,28.267,-95.29388,-0.571224045
101,WK US Equity,1360.3652,178.646,225.61,255.92,1.796700627242169,5.315587684,-1.3360248422116625,-2.0073301522286524,161.0620006,-0.33701845757271914,-48.74664557,-0.216065979,60.333,-53.88,-0.238819201
102,SNPS US Equity,13254.6572,2422.532,3022.62,3239.1,1.478224972519855,4.092080268999999,-1.3954922402158998,-2.6363811238505765,2310.440056,-0.2686859977827221,650.302,0.21514513899999999,1048.356,367.32709700000004,0.121526059
104,KXS CN Equity,1563.4879,115.95100000000001,143.752,169.75799999999998,2.386584844923347,9.210098493,-1.4280956975389119,-1.7097623139628781,101.7060018,-0.3460032764231606,35.332,0.245784406,158.398,20.335,0.141458901
105,GSKY US Equity,2665.1181,263.865,325.887,515.725,2.101452955261562,5.167711668,-1.4479484489046242,-0.540379619085755,236.179,-0.3219607034888114,150.269,0.461107685,224.614,138.668,0.425509456
106,CSOD US Equity,2710.8599,423.124,519.382,532.575,1.652381526598889,5.090099798,-1.4806331948336129,-3.6729532717076774,372.40000110000005,-0.33267109532108585,15.74,0.030305247,393.57599999999996,-40.479,-0.077936856
107,SPSC US Equity,1335.0657,193.295,234.533,255.227,1.7391394802580271,5.230895242,-1.5448573562425143,-2.4277524986238035,156.2690018,-0.4060174100988339,24.941999999999997,0.10634750800000001,123.12700000000001,10.046,0.042834057
108,MSFT US Equity,759109.3799,91154.0,110360.0,122897.462,1.9283981282130767,6.176770192,-1.5573276516045307,-2.1750266240664136,72007.0,-0.4269844133931943,45319.0,0.410646974,11946.0,27500.14,0.249185756
109,DATA US Equity,7440.2692,826.943,992.7689999999999,1052.4589999999998,2.014164301356422,7.069414771,-1.6067967234465323,-2.8113335089840046,864.8800095,-0.13790722807158456,-123.949,-0.12485180300000001,627.878,-146.929,-0.14799918199999998
110,PRO US Equity,1209.0925,153.276,183.61700000000002,205.868,1.8847732907824681,5.873144442,-1.619740285096715,-2.1104651145743145,109.50099979999999,-0.5169183870096234,-44.248000000000005,-0.24097986600000001,160.505,-63.30455013,-0.344764102
111,PRGX US Equity,200.2968,140.844,168.364,181.1,0.17367196418888148,1.106001104,-1.6327398817921523,-2.5816956725417266,62.75699872,-0.9868581959530476,16.505,0.098031646,18.823,2.1417900000000003,0.012721187
112,TYPE US Equity,759.3135,203.44099999999997,242.893,247.217,1.1397937184237805,3.071445329,-1.6402912955339546,-4.0284401430980505,197.16499869999998,-0.20858008157511393,40.06020381,0.16492942900000002,82.822,15.34682101,0.06318346400000001
114,VMW US Equity,49272.5084,7093.0,8467.0,9081.755,1.7611900319569265,5.42543907,-1.6413821860013058,-2.6227077159381667,7285.0,-0.1503588148758409,2515.0,0.29703555,5971.0,3395.5353240000004,0.401031691
115,CVLT US Equity,2249.4696,595.126,709.5980000000001,761.195,1.1537511214523513,2.955181787,-1.6484428972584109,-2.6212350796194324,605.5009927,-0.15864241056277656,20.122,0.028356901,330.784,-7.688189561000001,-0.010834571000000001
116,ZNGA US Equity,2858.7084,741.42,883.1519999999999,981.1110000000001,1.1746278672546056,2.9137461510000002,-1.6546293139249195,-2.198948303098241,610.0060053999999,-0.37002852459692104,82.16799999999999,0.093039477,372.87,49.854209999999995,0.056450317
117,ATHN US Equity,4868.8302,1082.9,1286.5,1414.836,1.3309283502596638,3.4412682460000004,-1.6712406219859621,-2.30502880643101,696.8999908,-0.6130387162791912,325.8,0.253245239,165.1,132.491989,0.102986389
118,ANSS US Equity,11715.8476,988.465,1172.363,1282.5710000000001,2.301921050866866,9.13465812,-1.6817719773535509,-2.364407157709151,1016.0799910000001,-0.14306929298455437,497.349,0.42422782,881.5010000000001,334.11229269999995,0.28499047899999996
119,TTEC US Equity,1386.783,1275.258,1510.761,1523.8329999999999,-0.08562682102067216,0.910062323,-1.689180135674273,-4.7498962341739075,364.964994,-1.420567334867659,185.9994499,0.123116396,74.437,69.21976,0.04581781
120,QADB US Equity,684.5881,277.85200000000003,328.411,339.733,0.7345514709530476,2.01507684,-1.7039476281952666,-3.3675181286930007,169.04300080000002,-0.6641127468435101,6.777,0.020635728,147.023,-1.2028758,-0.003662715
121,TYL US Equity,7952.1032,756.043,891.1569999999999,1005.6669999999999,2.188671107712426,7.907292572999999,-1.7219793884716421,-2.0518584607647297,422.9360012,-0.7452997492811254,222.82,0.250034506,185.926,145.27799869999998,0.163021778
122,EXLS US Equity,1943.9062,685.988,807.305,961.457,0.8787531930358918,2.021833738,-1.7324531823863607,-1.6557624138498106,275.2960002,-1.0758546581682005,101.57077220000001,0.12581462,86.795,66.46624,0.082331015
123,PAYX US Equity,23118.2019,2951.9,3426.9,3662.9559999999997,1.9089642058499285,6.311351242000001,-1.8268895062173969,-2.675342280020172,2375.699963,-0.36636394681245993,1437.8257199999998,0.419570375,358.2,914.04666,0.266726972
124,ALTR US Equity,2344.0949,313.24,362.102,403.583,1.8677286961481665,5.808210207,-1.8579696716465133,-2.1666904450584434,250.68500079999998,-0.36772876579992686,-3.4739999999999998,-0.009593982,39.213,-84.54,-0.233470127
125,EPAY US Equity,2781.2797,343.274,394.096,427.56699999999995,1.9540718901043923,6.504897946,-1.9101996317450087,-2.4659151395936685,220.96600069999997,-0.5785856876155042,54.478,0.138235354,124.613,4.268979111,0.010832333000000001
126,ADP US Equity,61613.1055,11667.8,13325.8,14165.857,1.5311725938017509,4.34940897,-1.9512208519073542,-2.763987530768979,5483.099951,-0.8880313803492257,3327.1,0.249673566,2170.0,1929.6170000000002,0.144803089
127,FICO US Equity,6521.5419,881.3560000000001,1005.8889999999999,1083.667,1.869239108122204,6.018031277,-1.9568908883069245,-2.5597683908772386,699.4190161,-0.36337699257750133,228.197,0.226861015,90.023,130.87135,0.130105161
128,BLKB US Equity,3579.8489,730.815,833.045,871.045,1.4579882095490067,4.109832328,-1.9669351729538844,-3.087501503925907,461.1050034,-0.5914618724112359,162.346,0.19488262899999997,29.83,80.1554964,0.096219888
129,CDNS US Equity,12773.614,1816.0829999999999,2069.894,2201.5,1.8198842388818255,5.802232114,-1.9678473669097478,-2.7554400606559426,1826.986992,-0.12482924070556675,518.217,0.250359197,688.087,347.5964876,0.167929608
131,PEGA US Equity,3887.6603,750.2660000000001,851.316,927.8,1.5187794029165187,4.190192175,-2.0048123653765977,-2.4097018165492554,558.1769962999999,-0.422107276978606,16.657,0.019566178,162.279,16.698,0.019614338000000002
132,JKHY US Equity,11659.7503,1354.646,1536.6029999999998,1642.25,2.02656862982695,7.099863176,-2.007525047346184,-2.6772260638124834,662.9609862000001,-0.8406132711194154,542.408,0.35299163200000006,31.44,282.15797000000003,0.18362450800000002
133,ECOM US Equity,268.7581,113.2,128.30700000000002,134.504,0.7393858887225101,1.9981420630000002,-2.013997950241982,-3.0303605305953765,101.39099940000001,-0.23544150586823903,-4.341,-0.033832916,53.422,-10.437000000000001,-0.081343964
134,DMRC US Equity,255.0078,21.793000000000003,24.586,25.217,2.339116957894244,10.11253519,-2.0544725341193417,-3.6626265764436012,16.06700011,-0.4254096885392137,-27.398000000000003,-1.1143740340000001,40.823,-28.76,-1.169771415
135,SYKE US Equity,1236.1942,1460.037,1637.7120000000002,1656.5,-0.2812626795807486,0.7462687590000001,-2.1062610140338003,-4.46783701678303,553.7340011,-1.0843709969713156,168.06400000000002,0.10262121800000001,343.73400000000004,71.18772534,0.043467792000000005
136,AMBR US Equity,259.9698,73.16119,81.967007,89.275,1.1542486576556055,2.9120112010000003,-2.117252565392336,-2.41734812969135,44.32934675,-0.6146699006061915,-4.325687,-0.052773514,9.360600999999999,-10.418128999999999,-0.127101493
137,INOV US Equity,2404.9516,427.588,476.027,635.75,1.6198104822506614,3.7828574130000003,-2.1778548407825418,-1.0920335093700857,327.95800310000004,-0.3725890151355821,100.641,0.21141868,208.94400000000002,7.217936265,0.015162871999999999
138,SABR US Equity,9733.1316,3373.387,3755.2129999999997,3945.075,0.952390686290753,2.467160092,-2.178707555488465,-2.9846027965827737,1077.020976,-1.248946132888668,972.2760000000001,0.258913675,361.381,307.7963166,0.081965075
139,G US Equity,6190.147,2570.756,2860.71,3102.792,0.7718889884301409,1.9950248030000002,-2.1822330046258123,-2.4695486144854524,1068.413992,-0.9848945478030361,407.051,0.142290201,504.468,271.84731,0.09502791599999999
140,FEYE US Equity,3196.73,714.1139999999999,793.6419999999999,853.059,1.3932512132602586,3.7473726910000003,-2.1949334559603875,-2.5920520908110793,520.8410096,-0.4211876459810479,-128.273,-0.161625771,180.891,-257.4737082,-0.324420467
141,MOBL US Equity,343.1898,163.926,181.36900000000003,204.3,0.6377500168080924,1.679832599,-2.240476687822905,-2.0680439259755587,150.5580013,-0.18618522957411182,-47.041000000000004,-0.25936626399999996,85.833,-51.76737,-0.285425679
142,WP US Equity,37238.547999999995,3578.991,3957.011,4123.266,2.241855519051579,9.031323228,-2.2478890883968146,-3.1697214651212677,2980.6710329999996,-0.2833404881165449,1336.2679999999998,0.33769630700000003,126.50299999999999,93.84045,0.023714983
143,EA US Equity,25857.6105,4396.0,4838.0,5394.975,1.6761035555178516,4.792906455,-2.2971404320973976,-2.161736332723815,3503.0,-0.3228816676008043,1151.0,0.237908227,4258.0,881.08,0.182116577
